[
    {
        "pk": 22, 
        "model": "auth.permission", 
        "fields": {
            "codename": "add_logentry", 
            "name": "Can add log entry", 
            "content_type": 8
        }
    }, 
    {
        "pk": 23, 
        "model": "auth.permission", 
        "fields": {
            "codename": "change_logentry", 
            "name": "Can change log entry", 
            "content_type": 8
        }
    }, 
    {
        "pk": 24, 
        "model": "auth.permission", 
        "fields": {
            "codename": "delete_logentry", 
            "name": "Can delete log entry", 
            "content_type": 8
        }
    }, 
    {
        "pk": 4, 
        "model": "auth.permission", 
        "fields": {
            "codename": "add_group", 
            "name": "Can add group", 
            "content_type": 2
        }
    }, 
    {
        "pk": 10, 
        "model": "auth.permission", 
        "fields": {
            "codename": "add_message", 
            "name": "Can add message", 
            "content_type": 4
        }
    }, 
    {
        "pk": 1, 
        "model": "auth.permission", 
        "fields": {
            "codename": "add_permission", 
            "name": "Can add permission", 
            "content_type": 1
        }
    }, 
    {
        "pk": 7, 
        "model": "auth.permission", 
        "fields": {
            "codename": "add_user", 
            "name": "Can add user", 
            "content_type": 3
        }
    }, 
    {
        "pk": 5, 
        "model": "auth.permission", 
        "fields": {
            "codename": "change_group", 
            "name": "Can change group", 
            "content_type": 2
        }
    }, 
    {
        "pk": 11, 
        "model": "auth.permission", 
        "fields": {
            "codename": "change_message", 
            "name": "Can change message", 
            "content_type": 4
        }
    }, 
    {
        "pk": 2, 
        "model": "auth.permission", 
        "fields": {
            "codename": "change_permission", 
            "name": "Can change permission", 
            "content_type": 1
        }
    }, 
    {
        "pk": 8, 
        "model": "auth.permission", 
        "fields": {
            "codename": "change_user", 
            "name": "Can change user", 
            "content_type": 3
        }
    }, 
    {
        "pk": 6, 
        "model": "auth.permission", 
        "fields": {
            "codename": "delete_group", 
            "name": "Can delete group", 
            "content_type": 2
        }
    }, 
    {
        "pk": 12, 
        "model": "auth.permission", 
        "fields": {
            "codename": "delete_message", 
            "name": "Can delete message", 
            "content_type": 4
        }
    }, 
    {
        "pk": 3, 
        "model": "auth.permission", 
        "fields": {
            "codename": "delete_permission", 
            "name": "Can delete permission", 
            "content_type": 1
        }
    }, 
    {
        "pk": 9, 
        "model": "auth.permission", 
        "fields": {
            "codename": "delete_user", 
            "name": "Can delete user", 
            "content_type": 3
        }
    }, 
    {
        "pk": 13, 
        "model": "auth.permission", 
        "fields": {
            "codename": "add_contenttype", 
            "name": "Can add content type", 
            "content_type": 5
        }
    }, 
    {
        "pk": 14, 
        "model": "auth.permission", 
        "fields": {
            "codename": "change_contenttype", 
            "name": "Can change content type", 
            "content_type": 5
        }
    }, 
    {
        "pk": 15, 
        "model": "auth.permission", 
        "fields": {
            "codename": "delete_contenttype", 
            "name": "Can delete content type", 
            "content_type": 5
        }
    }, 
    {
        "pk": 28, 
        "model": "auth.permission", 
        "fields": {
            "codename": "add_client", 
            "name": "Can add client", 
            "content_type": 10
        }
    }, 
    {
        "pk": 34, 
        "model": "auth.permission", 
        "fields": {
            "codename": "add_clientcredit", 
            "name": "Can add client credit", 
            "content_type": 12
        }
    }, 
    {
        "pk": 31, 
        "model": "auth.permission", 
        "fields": {
            "codename": "add_clienthistory", 
            "name": "Can add client modification history", 
            "content_type": 11
        }
    }, 
    {
        "pk": 49, 
        "model": "auth.permission", 
        "fields": {
            "codename": "add_ingredient", 
            "name": "Can add ingredient", 
            "content_type": 17
        }
    }, 
    {
        "pk": 55, 
        "model": "auth.permission", 
        "fields": {
            "codename": "add_ingredienthistory", 
            "name": "Can add ingredient modification history", 
            "content_type": 19
        }
    }, 
    {
        "pk": 52, 
        "model": "auth.permission", 
        "fields": {
            "codename": "add_ingredientproduct", 
            "name": "Can add ingredient of a product", 
            "content_type": 18
        }
    }, 
    {
        "pk": 46, 
        "model": "auth.permission", 
        "fields": {
            "codename": "add_ingredienttype", 
            "name": "Can add ingredient type", 
            "content_type": 16
        }
    }, 
    {
        "pk": 40, 
        "model": "auth.permission", 
        "fields": {
            "codename": "add_product", 
            "name": "Can add product", 
            "content_type": 14
        }
    }, 
    {
        "pk": 43, 
        "model": "auth.permission", 
        "fields": {
            "codename": "add_producthistory", 
            "name": "Can add product modification history", 
            "content_type": 15
        }
    }, 
    {
        "pk": 37, 
        "model": "auth.permission", 
        "fields": {
            "codename": "add_producttype", 
            "name": "Can add product type", 
            "content_type": 13
        }
    }, 
    {
        "pk": 61, 
        "model": "auth.permission", 
        "fields": {
            "codename": "add_selling", 
            "name": "Can add selling", 
            "content_type": 21
        }
    }, 
    {
        "pk": 58, 
        "model": "auth.permission", 
        "fields": {
            "codename": "add_sellinghistory", 
            "name": "Can add selling modification history", 
            "content_type": 20
        }
    }, 
    {
        "pk": 70, 
        "model": "auth.permission", 
        "fields": {
            "codename": "add_sellingpayment", 
            "name": "Can add selling payment", 
            "content_type": 24
        }
    }, 
    {
        "pk": 64, 
        "model": "auth.permission", 
        "fields": {
            "codename": "add_sellingproduct", 
            "name": "Can add selling product", 
            "content_type": 22
        }
    }, 
    {
        "pk": 67, 
        "model": "auth.permission", 
        "fields": {
            "codename": "add_sellingproductingredient", 
            "name": "Can add selling product ingredient", 
            "content_type": 23
        }
    }, 
    {
        "pk": 25, 
        "model": "auth.permission", 
        "fields": {
            "codename": "add_unit", 
            "name": "Can add unit", 
            "content_type": 9
        }
    }, 
    {
        "pk": 29, 
        "model": "auth.permission", 
        "fields": {
            "codename": "change_client", 
            "name": "Can change client", 
            "content_type": 10
        }
    }, 
    {
        "pk": 35, 
        "model": "auth.permission", 
        "fields": {
            "codename": "change_clientcredit", 
            "name": "Can change client credit", 
            "content_type": 12
        }
    }, 
    {
        "pk": 32, 
        "model": "auth.permission", 
        "fields": {
            "codename": "change_clienthistory", 
            "name": "Can change client modification history", 
            "content_type": 11
        }
    }, 
    {
        "pk": 50, 
        "model": "auth.permission", 
        "fields": {
            "codename": "change_ingredient", 
            "name": "Can change ingredient", 
            "content_type": 17
        }
    }, 
    {
        "pk": 56, 
        "model": "auth.permission", 
        "fields": {
            "codename": "change_ingredienthistory", 
            "name": "Can change ingredient modification history", 
            "content_type": 19
        }
    }, 
    {
        "pk": 53, 
        "model": "auth.permission", 
        "fields": {
            "codename": "change_ingredientproduct", 
            "name": "Can change ingredient of a product", 
            "content_type": 18
        }
    }, 
    {
        "pk": 47, 
        "model": "auth.permission", 
        "fields": {
            "codename": "change_ingredienttype", 
            "name": "Can change ingredient type", 
            "content_type": 16
        }
    }, 
    {
        "pk": 41, 
        "model": "auth.permission", 
        "fields": {
            "codename": "change_product", 
            "name": "Can change product", 
            "content_type": 14
        }
    }, 
    {
        "pk": 44, 
        "model": "auth.permission", 
        "fields": {
            "codename": "change_producthistory", 
            "name": "Can change product modification history", 
            "content_type": 15
        }
    }, 
    {
        "pk": 38, 
        "model": "auth.permission", 
        "fields": {
            "codename": "change_producttype", 
            "name": "Can change product type", 
            "content_type": 13
        }
    }, 
    {
        "pk": 62, 
        "model": "auth.permission", 
        "fields": {
            "codename": "change_selling", 
            "name": "Can change selling", 
            "content_type": 21
        }
    }, 
    {
        "pk": 59, 
        "model": "auth.permission", 
        "fields": {
            "codename": "change_sellinghistory", 
            "name": "Can change selling modification history", 
            "content_type": 20
        }
    }, 
    {
        "pk": 71, 
        "model": "auth.permission", 
        "fields": {
            "codename": "change_sellingpayment", 
            "name": "Can change selling payment", 
            "content_type": 24
        }
    }, 
    {
        "pk": 65, 
        "model": "auth.permission", 
        "fields": {
            "codename": "change_sellingproduct", 
            "name": "Can change selling product", 
            "content_type": 22
        }
    }, 
    {
        "pk": 68, 
        "model": "auth.permission", 
        "fields": {
            "codename": "change_sellingproductingredient", 
            "name": "Can change selling product ingredient", 
            "content_type": 23
        }
    }, 
    {
        "pk": 26, 
        "model": "auth.permission", 
        "fields": {
            "codename": "change_unit", 
            "name": "Can change unit", 
            "content_type": 9
        }
    }, 
    {
        "pk": 30, 
        "model": "auth.permission", 
        "fields": {
            "codename": "delete_client", 
            "name": "Can delete client", 
            "content_type": 10
        }
    }, 
    {
        "pk": 36, 
        "model": "auth.permission", 
        "fields": {
            "codename": "delete_clientcredit", 
            "name": "Can delete client credit", 
            "content_type": 12
        }
    }, 
    {
        "pk": 33, 
        "model": "auth.permission", 
        "fields": {
            "codename": "delete_clienthistory", 
            "name": "Can delete client modification history", 
            "content_type": 11
        }
    }, 
    {
        "pk": 51, 
        "model": "auth.permission", 
        "fields": {
            "codename": "delete_ingredient", 
            "name": "Can delete ingredient", 
            "content_type": 17
        }
    }, 
    {
        "pk": 57, 
        "model": "auth.permission", 
        "fields": {
            "codename": "delete_ingredienthistory", 
            "name": "Can delete ingredient modification history", 
            "content_type": 19
        }
    }, 
    {
        "pk": 54, 
        "model": "auth.permission", 
        "fields": {
            "codename": "delete_ingredientproduct", 
            "name": "Can delete ingredient of a product", 
            "content_type": 18
        }
    }, 
    {
        "pk": 48, 
        "model": "auth.permission", 
        "fields": {
            "codename": "delete_ingredienttype", 
            "name": "Can delete ingredient type", 
            "content_type": 16
        }
    }, 
    {
        "pk": 42, 
        "model": "auth.permission", 
        "fields": {
            "codename": "delete_product", 
            "name": "Can delete product", 
            "content_type": 14
        }
    }, 
    {
        "pk": 45, 
        "model": "auth.permission", 
        "fields": {
            "codename": "delete_producthistory", 
            "name": "Can delete product modification history", 
            "content_type": 15
        }
    }, 
    {
        "pk": 39, 
        "model": "auth.permission", 
        "fields": {
            "codename": "delete_producttype", 
            "name": "Can delete product type", 
            "content_type": 13
        }
    }, 
    {
        "pk": 63, 
        "model": "auth.permission", 
        "fields": {
            "codename": "delete_selling", 
            "name": "Can delete selling", 
            "content_type": 21
        }
    }, 
    {
        "pk": 60, 
        "model": "auth.permission", 
        "fields": {
            "codename": "delete_sellinghistory", 
            "name": "Can delete selling modification history", 
            "content_type": 20
        }
    }, 
    {
        "pk": 72, 
        "model": "auth.permission", 
        "fields": {
            "codename": "delete_sellingpayment", 
            "name": "Can delete selling payment", 
            "content_type": 24
        }
    }, 
    {
        "pk": 66, 
        "model": "auth.permission", 
        "fields": {
            "codename": "delete_sellingproduct", 
            "name": "Can delete selling product", 
            "content_type": 22
        }
    }, 
    {
        "pk": 69, 
        "model": "auth.permission", 
        "fields": {
            "codename": "delete_sellingproductingredient", 
            "name": "Can delete selling product ingredient", 
            "content_type": 23
        }
    }, 
    {
        "pk": 27, 
        "model": "auth.permission", 
        "fields": {
            "codename": "delete_unit", 
            "name": "Can delete unit", 
            "content_type": 9
        }
    }, 
    {
        "pk": 16, 
        "model": "auth.permission", 
        "fields": {
            "codename": "add_session", 
            "name": "Can add session", 
            "content_type": 6
        }
    }, 
    {
        "pk": 17, 
        "model": "auth.permission", 
        "fields": {
            "codename": "change_session", 
            "name": "Can change session", 
            "content_type": 6
        }
    }, 
    {
        "pk": 18, 
        "model": "auth.permission", 
        "fields": {
            "codename": "delete_session", 
            "name": "Can delete session", 
            "content_type": 6
        }
    }, 
    {
        "pk": 19, 
        "model": "auth.permission", 
        "fields": {
            "codename": "add_site", 
            "name": "Can add site", 
            "content_type": 7
        }
    }, 
    {
        "pk": 20, 
        "model": "auth.permission", 
        "fields": {
            "codename": "change_site", 
            "name": "Can change site", 
            "content_type": 7
        }
    }, 
    {
        "pk": 21, 
        "model": "auth.permission", 
        "fields": {
            "codename": "delete_site", 
            "name": "Can delete site", 
            "content_type": 7
        }
    }, 
    {
        "pk": 1, 
        "model": "auth.user", 
        "fields": {
            "username": "admin", 
            "first_name": "", 
            "last_name": "", 
            "is_active": true, 
            "is_superuser": true, 
            "is_staff": true, 
            "last_login": "2009-09-19 15:19:24", 
            "groups": [], 
            "user_permissions": [], 
            "password": "sha1$53625$c3ccf4661abf25b68b95f9973fb20bdcfdeab229", 
            "email": "admin@admin.com", 
            "date_joined": "2009-09-19 15:18:59"
        }
    }, 
    {
        "pk": 10, 
        "model": "contenttypes.contenttype", 
        "fields": {
            "model": "client", 
            "name": "client", 
            "app_label": "pos"
        }
    }, 
    {
        "pk": 12, 
        "model": "contenttypes.contenttype", 
        "fields": {
            "model": "clientcredit", 
            "name": "client credit", 
            "app_label": "pos"
        }
    }, 
    {
        "pk": 11, 
        "model": "contenttypes.contenttype", 
        "fields": {
            "model": "clienthistory", 
            "name": "client modification history", 
            "app_label": "pos"
        }
    }, 
    {
        "pk": 5, 
        "model": "contenttypes.contenttype", 
        "fields": {
            "model": "contenttype", 
            "name": "content type", 
            "app_label": "contenttypes"
        }
    }, 
    {
        "pk": 2, 
        "model": "contenttypes.contenttype", 
        "fields": {
            "model": "group", 
            "name": "group", 
            "app_label": "auth"
        }
    }, 
    {
        "pk": 17, 
        "model": "contenttypes.contenttype", 
        "fields": {
            "model": "ingredient", 
            "name": "ingredient", 
            "app_label": "pos"
        }
    }, 
    {
        "pk": 19, 
        "model": "contenttypes.contenttype", 
        "fields": {
            "model": "ingredienthistory", 
            "name": "ingredient modification history", 
            "app_label": "pos"
        }
    }, 
    {
        "pk": 18, 
        "model": "contenttypes.contenttype", 
        "fields": {
            "model": "ingredientproduct", 
            "name": "ingredient of a product", 
            "app_label": "pos"
        }
    }, 
    {
        "pk": 16, 
        "model": "contenttypes.contenttype", 
        "fields": {
            "model": "ingredienttype", 
            "name": "ingredient type", 
            "app_label": "pos"
        }
    }, 
    {
        "pk": 8, 
        "model": "contenttypes.contenttype", 
        "fields": {
            "model": "logentry", 
            "name": "log entry", 
            "app_label": "admin"
        }
    }, 
    {
        "pk": 4, 
        "model": "contenttypes.contenttype", 
        "fields": {
            "model": "message", 
            "name": "message", 
            "app_label": "auth"
        }
    }, 
    {
        "pk": 1, 
        "model": "contenttypes.contenttype", 
        "fields": {
            "model": "permission", 
            "name": "permission", 
            "app_label": "auth"
        }
    }, 
    {
        "pk": 14, 
        "model": "contenttypes.contenttype", 
        "fields": {
            "model": "product", 
            "name": "product", 
            "app_label": "pos"
        }
    }, 
    {
        "pk": 15, 
        "model": "contenttypes.contenttype", 
        "fields": {
            "model": "producthistory", 
            "name": "product modification history", 
            "app_label": "pos"
        }
    }, 
    {
        "pk": 13, 
        "model": "contenttypes.contenttype", 
        "fields": {
            "model": "producttype", 
            "name": "product type", 
            "app_label": "pos"
        }
    }, 
    {
        "pk": 21, 
        "model": "contenttypes.contenttype", 
        "fields": {
            "model": "selling", 
            "name": "selling", 
            "app_label": "pos"
        }
    }, 
    {
        "pk": 20, 
        "model": "contenttypes.contenttype", 
        "fields": {
            "model": "sellinghistory", 
            "name": "selling modification history", 
            "app_label": "pos"
        }
    }, 
    {
        "pk": 24, 
        "model": "contenttypes.contenttype", 
        "fields": {
            "model": "sellingpayment", 
            "name": "selling payment", 
            "app_label": "pos"
        }
    }, 
    {
        "pk": 22, 
        "model": "contenttypes.contenttype", 
        "fields": {
            "model": "sellingproduct", 
            "name": "selling product", 
            "app_label": "pos"
        }
    }, 
    {
        "pk": 23, 
        "model": "contenttypes.contenttype", 
        "fields": {
            "model": "sellingproductingredient", 
            "name": "selling product ingredient", 
            "app_label": "pos"
        }
    }, 
    {
        "pk": 6, 
        "model": "contenttypes.contenttype", 
        "fields": {
            "model": "session", 
            "name": "session", 
            "app_label": "sessions"
        }
    }, 
    {
        "pk": 7, 
        "model": "contenttypes.contenttype", 
        "fields": {
            "model": "site", 
            "name": "site", 
            "app_label": "sites"
        }
    }, 
    {
        "pk": 9, 
        "model": "contenttypes.contenttype", 
        "fields": {
            "model": "unit", 
            "name": "unit", 
            "app_label": "pos"
        }
    }, 
    {
        "pk": 3, 
        "model": "contenttypes.contenttype", 
        "fields": {
            "model": "user", 
            "name": "user", 
            "app_label": "auth"
        }
    }, 
    {
        "pk": 1, 
        "model": "sites.site", 
        "fields": {
            "domain": "example.com", 
            "name": "example.com"
        }
    }, 
    {
        "pk": 2, 
        "model": "pos.unit", 
        "fields": {
            "type": "F", 
            "name": "Quilograma"
        }
    }, 
    {
        "pk": 4, 
        "model": "pos.unit", 
        "fields": {
            "type": "I", 
            "name": "Lata"
        }
    }, 
    {
        "pk": 1, 
        "model": "pos.unit", 
        "fields": {
            "type": "I", 
            "name": "Pe\u00e7a"
        }
    }, 
    {
        "pk": 1, 
        "model": "pos.client", 
        "fields": {
            "maximum_credit": 50.0, 
            "city": "Araripina", 
            "name": "I\u00fari Gomes Diniz", 
            "telephone": "8791075211", 
            "state": "PE", 
            "address": "R. Genesio Pereira de Melo, 187", 
            "email": "iuridiniz@gmail.com", 
            "document_id": "046220074-44"
        }
    }, 
    {
        "pk": 2, 
        "model": "pos.client", 
        "fields": {
            "maximum_credit": 21.0, 
            "city": "", 
            "name": "Maria Joaquina", 
            "telephone": "", 
            "state": "", 
            "address": "", 
            "email": "", 
            "document_id": "123321789-99"
        }
    }, 
    {
        "pk": 4, 
        "model": "pos.producttype", 
        "fields": {
            "name": "Balc\u00e3o"
        }
    }, 
    {
        "pk": 5, 
        "model": "pos.producttype", 
        "fields": {
            "name": "Freezer"
        }
    }, 
    {
        "pk": 1, 
        "model": "pos.producttype", 
        "fields": {
            "name": "Refrigerante"
        }
    }, 
    {
        "pk": 3, 
        "model": "pos.producttype", 
        "fields": {
            "name": "Salgado"
        }
    }, 
    {
        "pk": 2, 
        "model": "pos.producttype", 
        "fields": {
            "name": "Sandu\u00edche"
        }
    }, 
    {
        "pk": 2, 
        "model": "pos.product", 
        "fields": {
            "type": [
                5, 
                1
            ], 
            "price": 1.8, 
            "is_active": true, 
            "name": "Coca Cola Lata 350 ml", 
            "unit": 4
        }
    }, 
    {
        "pk": 5, 
        "model": "pos.product", 
        "fields": {
            "type": [
                4, 
                3
            ], 
            "price": 1.0, 
            "is_active": true, 
            "name": "Coxinha de Frango", 
            "unit": 1
        }
    }, 
    {
        "pk": 3, 
        "model": "pos.product", 
        "fields": {
            "type": [
                4, 
                3
            ], 
            "price": 2.0, 
            "is_active": true, 
            "name": "Esfirra de Carne", 
            "unit": 1
        }
    }, 
    {
        "pk": 6, 
        "model": "pos.product", 
        "fields": {
            "type": [
                4, 
                3
            ], 
            "price": 1.5, 
            "is_active": true, 
            "name": "Pastel de Carne", 
            "unit": 1
        }
    }, 
    {
        "pk": 4, 
        "model": "pos.product", 
        "fields": {
            "type": [], 
            "price": 1.8, 
            "is_active": true, 
            "name": "Sprite Lata 350 ml", 
            "unit": 4
        }
    }, 
    {
        "pk": 1, 
        "model": "pos.product", 
        "fields": {
            "type": [
                2
            ], 
            "price": 2.5, 
            "is_active": true, 
            "name": "X-Tudo", 
            "unit": 1
        }
    }, 
    {
        "pk": 2, 
        "model": "pos.ingredienttype", 
        "fields": {
            "name": "Carne"
        }
    }, 
    {
        "pk": 3, 
        "model": "pos.ingredienttype", 
        "fields": {
            "name": "Legume/Verdura"
        }
    }, 
    {
        "pk": 1, 
        "model": "pos.ingredienttype", 
        "fields": {
            "name": "P\u00e3o"
        }
    }, 
    {
        "pk": 5, 
        "model": "pos.ingredient", 
        "fields": {
            "type": [
                3
            ], 
            "price": 1.3, 
            "is_active": true, 
            "name": "Alface", 
            "unit": 2
        }
    }, 
    {
        "pk": 2, 
        "model": "pos.ingredient", 
        "fields": {
            "type": [
                2
            ], 
            "price": 9.0, 
            "is_active": true, 
            "name": "Hamburger", 
            "unit": 2
        }
    }, 
    {
        "pk": 1, 
        "model": "pos.ingredient", 
        "fields": {
            "type": [
                1
            ], 
            "price": 0.29999999999999999, 
            "is_active": true, 
            "name": "P\u00e3o Redondo", 
            "unit": 1
        }
    }, 
    {
        "pk": 4, 
        "model": "pos.ingredient", 
        "fields": {
            "type": [
                3
            ], 
            "price": 3.0, 
            "is_active": true, 
            "name": "Tomate", 
            "unit": 2
        }
    }, 
    {
        "pk": 5, 
        "model": "pos.ingredientproduct", 
        "fields": {
            "product": 1, 
            "quantity": 0.01, 
            "type": "F", 
            "price": 1.3, 
            "ingredient": 5
        }
    }, 
    {
        "pk": 2, 
        "model": "pos.ingredientproduct", 
        "fields": {
            "product": 1, 
            "quantity": 0.050000000000000003, 
            "type": "F", 
            "price": 9.0, 
            "ingredient": 2
        }
    }, 
    {
        "pk": 1, 
        "model": "pos.ingredientproduct", 
        "fields": {
            "product": 1, 
            "quantity": 1.0, 
            "type": "F", 
            "price": 0.29999999999999999, 
            "ingredient": 1
        }
    }, 
    {
        "pk": 4, 
        "model": "pos.ingredientproduct", 
        "fields": {
            "product": 1, 
            "quantity": 0.02, 
            "type": "I", 
            "price": 3.0, 
            "ingredient": 4
        }
    }, 
    {
        "pk": 1, 
        "model": "pos.sellinghistory", 
        "fields": {
            "date": "2009-09-25 10:46:08", 
            "selling": 3, 
            "description": "Someone closed this selling"
        }
    }, 
    {
        "pk": 2, 
        "model": "pos.selling", 
        "fields": {
            "amount_paid": 0.0, 
            "outcoming_time": null, 
            "is_opened": true, 
            "ticket": 77, 
            "is_paid": false, 
            "incoming_time": "2009-09-25 10:45:02"
        }
    }, 
    {
        "pk": 1, 
        "model": "pos.selling", 
        "fields": {
            "amount_paid": 10.4, 
            "outcoming_time": null, 
            "is_opened": true, 
            "ticket": null, 
            "is_paid": true, 
            "incoming_time": "2009-09-25 10:15:22"
        }
    }, 
    {
        "pk": 3, 
        "model": "pos.selling", 
        "fields": {
            "amount_paid": 1.5, 
            "outcoming_time": "2009-09-25 10:46:08", 
            "is_opened": false, 
            "ticket": 79, 
            "is_paid": true, 
            "incoming_time": "2009-09-25 10:45:47"
        }
    }, 
    {
        "pk": 6, 
        "model": "pos.sellingproduct", 
        "fields": {
            "product": 6, 
            "selling": 2, 
            "selling_unit_price": 1.5, 
            "date": "2009-09-25 10:45:32", 
            "instructions": "", 
            "quantity": 1.0
        }
    }, 
    {
        "pk": 1, 
        "model": "pos.sellingproduct", 
        "fields": {
            "product": 1, 
            "selling": 1, 
            "selling_unit_price": 2.5, 
            "date": "2009-09-25 10:15:47", 
            "instructions": "", 
            "quantity": 1.0
        }
    }, 
    {
        "pk": 2, 
        "model": "pos.sellingproduct", 
        "fields": {
            "product": 1, 
            "selling": 1, 
            "selling_unit_price": 2.5, 
            "date": "2009-09-25 10:15:47", 
            "instructions": "", 
            "quantity": 1.0
        }
    }, 
    {
        "pk": 3, 
        "model": "pos.sellingproduct", 
        "fields": {
            "product": 2, 
            "selling": 1, 
            "selling_unit_price": 1.8, 
            "date": "2009-09-25 10:15:50", 
            "instructions": "", 
            "quantity": 1.0
        }
    }, 
    {
        "pk": 4, 
        "model": "pos.sellingproduct", 
        "fields": {
            "product": 2, 
            "selling": 1, 
            "selling_unit_price": 1.8, 
            "date": "2009-09-25 10:15:50", 
            "instructions": "", 
            "quantity": 1.0
        }
    }, 
    {
        "pk": 5, 
        "model": "pos.sellingproduct", 
        "fields": {
            "product": 2, 
            "selling": 1, 
            "selling_unit_price": 1.8, 
            "date": "2009-09-25 10:15:50", 
            "instructions": "", 
            "quantity": 1.0
        }
    }, 
    {
        "pk": 7, 
        "model": "pos.sellingproduct", 
        "fields": {
            "product": 6, 
            "selling": 3, 
            "selling_unit_price": 1.5, 
            "date": "2009-09-25 10:45:50", 
            "instructions": "", 
            "quantity": 1.0
        }
    }, 
    {
        "pk": 1, 
        "model": "pos.sellingpayment", 
        "fields": {
            "date": "2009-09-25 10:16:03", 
            "amount": 2.5, 
            "selling": 1, 
            "is_credit": false, 
            "client": null
        }
    }, 
    {
        "pk": 2, 
        "model": "pos.sellingpayment", 
        "fields": {
            "date": "2009-09-25 10:16:06", 
            "amount": 1.8, 
            "selling": 1, 
            "is_credit": false, 
            "client": null
        }
    }, 
    {
        "pk": 3, 
        "model": "pos.sellingpayment", 
        "fields": {
            "date": "2009-09-25 10:16:08", 
            "amount": 1.8, 
            "selling": 1, 
            "is_credit": false, 
            "client": null
        }
    }, 
    {
        "pk": 4, 
        "model": "pos.sellingpayment", 
        "fields": {
            "date": "2009-09-25 10:16:42", 
            "amount": 4.3000000000000007, 
            "selling": 1, 
            "is_credit": false, 
            "client": null
        }
    }, 
    {
        "pk": 5, 
        "model": "pos.sellingpayment", 
        "fields": {
            "date": "2009-09-25 10:46:06", 
            "amount": 1.5, 
            "selling": 3, 
            "is_credit": false, 
            "client": null
        }
    }
]
